Skill Keyword,Dataset source
Accounting,https://www.jobscan.co/blog/resume-examples-keywords-for-accounting/
Accuracy,https://www.jobscan.co/blog/resume-examples-keywords-for-accounting/
ADP,https://www.jobscan.co/blog/resume-examples-keywords-for-accounting/
Analysis,https://www.jobscan.co/blog/resume-examples-keywords-for-accounting/
Audits,https://www.jobscan.co/blog/resume-examples-keywords-for-accounting/
Bachelor’s,https://www.jobscan.co/blog/resume-examples-keywords-for-accounting/
Bank,https://www.jobscan.co/blog/resume-examples-keywords-for-accounting/
Billing,https://www.jobscan.co/blog/resume-examples-keywords-for-accounting/
Clients,https://www.jobscan.co/blog/resume-examples-keywords-for-accounting/
Complex,https://www.jobscan.co/blog/resume-examples-keywords-for-accounting/
Excel,https://www.jobscan.co/blog/resume-examples-keywords-for-accounting/
Financial,https://www.jobscan.co/blog/resume-examples-keywords-for-accounting/
GAAP,https://www.jobscan.co/blog/resume-examples-keywords-for-accounting/
Journal,https://www.jobscan.co/blog/resume-examples-keywords-for-accounting/
Management,https://www.jobscan.co/blog/resume-examples-keywords-for-accounting/
Organized,https://www.jobscan.co/blog/resume-examples-keywords-for-accounting/
Payroll,https://www.jobscan.co/blog/resume-examples-keywords-for-accounting/
Process,https://www.jobscan.co/blog/resume-examples-keywords-for-accounting/
Reconciliations,https://www.jobscan.co/blog/resume-examples-keywords-for-accounting/
Reports,https://www.jobscan.co/blog/resume-examples-keywords-for-accounting/
Tax,https://www.jobscan.co/blog/resume-examples-keywords-for-accounting/
Taxation compliance,"https://www.pridestafffinancial.com/blog/top-accounting-and-finance-resume-buzzwords/#:~:text=According%20to%20Accounting%20Today%20resume,ing"
Valuation,"https://www.pridestafffinancial.com/blog/top-accounting-and-finance-resume-buzzwords/#:~:text=According%20to%20Accounting%20Today%20resume,ing"
Portfolio,"https://www.pridestafffinancial.com/blog/top-accounting-and-finance-resume-buzzwords/#:~:text=According%20to%20Accounting%20Today%20resume,ing"
Analysis,"https://www.pridestafffinancial.com/blog/top-accounting-and-finance-resume-buzzwords/#:~:text=According%20to%20Accounting%20Today%20resume,ing"
automatic data processing (ADP),"https://www.pridestafffinancial.com/blog/top-accounting-and-finance-resume-buzzwords/#:~:text=According%20to%20Accounting%20Today%20resume,ing"
"reconciliations, FAFSA, organized","https://www.pridestafffinancial.com/blog/top-accounting-and-finance-resume-buzzwords/#:~:text=According%20to%20Accounting%20Today%20resume,ing"
Billing,"https://www.pridestafffinancial.com/blog/top-accounting-and-finance-resume-buzzwords/#:~:text=According%20to%20Accounting%20Today%20resume,ing"
return on assets (ROA),"https://www.pridestafffinancial.com/blog/top-accounting-and-finance-resume-buzzwords/#:~:text=According%20to%20Accounting%20Today%20resume,ing"
strategic planner(ing),"https://www.pridestafffinancial.com/blog/top-accounting-and-finance-resume-buzzwords/#:~:text=According%20to%20Accounting%20Today%20resume,ing"
strategic thinker(ing),"https://www.pridestafffinancial.com/blog/top-accounting-and-finance-resume-buzzwords/#:~:text=According%20to%20Accounting%20Today%20resume,ing"
capital budgets,"https://www.pridestafffinancial.com/blog/top-accounting-and-finance-resume-buzzwords/#:~:text=According%20to%20Accounting%20Today%20resume,ing"
annual reports,"https://www.pridestafffinancial.com/blog/top-accounting-and-finance-resume-buzzwords/#:~:text=According%20to%20Accounting%20Today%20resume,ing"
asset management,"https://www.pridestafffinancial.com/blog/top-accounting-and-finance-resume-buzzwords/#:~:text=According%20to%20Accounting%20Today%20resume,ing"
Accounts Payable,https://www.ziprecruiter.com/Career/Financial-Accountant/Resume-Keywords-and-Skills
Invoicing,https://www.ziprecruiter.com/Career/Financial-Accountant/Resume-Keywords-and-Skills
Financial Statements,https://www.ziprecruiter.com/Career/Financial-Accountant/Resume-Keywords-and-Skills
Account Receivables,https://www.ziprecruiter.com/Career/Financial-Accountant/Resume-Keywords-and-Skills
Journal Entries,https://www.ziprecruiter.com/Career/Financial-Accountant/Resume-Keywords-and-Skills
General Ledger,https://www.ziprecruiter.com/Career/Financial-Accountant/Resume-Keywords-and-Skills
QuickBooks Software,https://www.ziprecruiter.com/Career/Financial-Accountant/Resume-Keywords-and-Skills
Financial Reporting,https://www.ziprecruiter.com/Career/Financial-Accountant/Resume-Keywords-and-Skills
Vendor Management,https://www.ziprecruiter.com/Career/Financial-Accountant/Resume-Keywords-and-Skills
Decision making,Manually
Taxation,Manually
Organizational,Manually
Managerial,Manually
Applications,https://web.augsburg.edu/strommen/websitedocs/Resume%20Buzz%20Words/computer%20science.pdf
Artificial Intelligence,https://web.augsburg.edu/strommen/websitedocs/Resume%20Buzz%20Words/computer%20science.pdf
Based,https://web.augsburg.edu/strommen/websitedocs/Resume%20Buzz%20Words/computer%20science.pdf
Business Development,https://web.augsburg.edu/strommen/websitedocs/Resume%20Buzz%20Words/computer%20science.pdf
CASE Tools,https://web.augsburg.edu/strommen/websitedocs/Resume%20Buzz%20Words/computer%20science.pdf
Circuit,https://web.augsburg.edu/strommen/websitedocs/Resume%20Buzz%20Words/computer%20science.pdf
Client-Server,https://web.augsburg.edu/strommen/websitedocs/Resume%20Buzz%20Words/computer%20science.pdf
Code Development,https://web.augsburg.edu/strommen/websitedocs/Resume%20Buzz%20Words/computer%20science.pdf
Computer Architecture,https://web.augsburg.edu/strommen/websitedocs/Resume%20Buzz%20Words/computer%20science.pdf
Computer Engineering,https://web.augsburg.edu/strommen/websitedocs/Resume%20Buzz%20Words/computer%20science.pdf
Computer Graphics,https://web.augsburg.edu/strommen/websitedocs/Resume%20Buzz%20Words/computer%20science.pdf
Computer Hardware,https://web.augsburg.edu/strommen/websitedocs/Resume%20Buzz%20Words/computer%20science.pdf
Computer Interface,https://web.augsburg.edu/strommen/websitedocs/Resume%20Buzz%20Words/computer%20science.pdf
Computer Modeling,https://web.augsburg.edu/strommen/websitedocs/Resume%20Buzz%20Words/computer%20science.pdf
Computer Operating Systems,https://web.augsburg.edu/strommen/websitedocs/Resume%20Buzz%20Words/computer%20science.pdf
Computer Programming Languages,https://web.augsburg.edu/strommen/websitedocs/Resume%20Buzz%20Words/computer%20science.pdf
Computer Science,https://web.augsburg.edu/strommen/websitedocs/Resume%20Buzz%20Words/computer%20science.pdf
Computer Simulation/Modeling,https://web.augsburg.edu/strommen/websitedocs/Resume%20Buzz%20Words/computer%20science.pdf
Computer Software,https://web.augsburg.edu/strommen/websitedocs/Resume%20Buzz%20Words/computer%20science.pdf
Computer Storage & Retrieval,https://web.augsburg.edu/strommen/websitedocs/Resume%20Buzz%20Words/computer%20science.pdf
Computer Systems Analysis,https://web.augsburg.edu/strommen/websitedocs/Resume%20Buzz%20Words/computer%20science.pdf
Computer Theory,https://web.augsburg.edu/strommen/websitedocs/Resume%20Buzz%20Words/computer%20science.pdf
Computer Vision,https://web.augsburg.edu/strommen/websitedocs/Resume%20Buzz%20Words/computer%20science.pdf
Computer/Data/Network Security,https://web.augsburg.edu/strommen/websitedocs/Resume%20Buzz%20Words/computer%20science.pdf
Cybernetics,https://web.augsburg.edu/strommen/websitedocs/Resume%20Buzz%20Words/computer%20science.pdf
Data,https://web.augsburg.edu/strommen/websitedocs/Resume%20Buzz%20Words/computer%20science.pdf
Database,https://web.augsburg.edu/strommen/websitedocs/Resume%20Buzz%20Words/computer%20science.pdf
Design,https://web.augsburg.edu/strommen/websitedocs/Resume%20Buzz%20Words/computer%20science.pdf
Digital Computers/Computing,https://web.augsburg.edu/strommen/websitedocs/Resume%20Buzz%20Words/computer%20science.pdf
Discrete Mathematics,https://web.augsburg.edu/strommen/websitedocs/Resume%20Buzz%20Words/computer%20science.pdf
End-User,https://web.augsburg.edu/strommen/websitedocs/Resume%20Buzz%20Words/computer%20science.pdf
Ethics/Values in Science and,https://web.augsburg.edu/strommen/websitedocs/Resume%20Buzz%20Words/computer%20science.pdf
Technology,https://web.augsburg.edu/strommen/websitedocs/Resume%20Buzz%20Words/computer%20science.pdf
Expert Systems,https://web.augsburg.edu/strommen/websitedocs/Resume%20Buzz%20Words/computer%20science.pdf
Files,https://web.augsburg.edu/strommen/websitedocs/Resume%20Buzz%20Words/computer%20science.pdf
Functional,https://web.augsburg.edu/strommen/websitedocs/Resume%20Buzz%20Words/computer%20science.pdf
Global,https://web.augsburg.edu/strommen/websitedocs/Resume%20Buzz%20Words/computer%20science.pdf
GUI,https://web.augsburg.edu/strommen/websitedocs/Resume%20Buzz%20Words/computer%20science.pdf
Hardware,https://web.augsburg.edu/strommen/websitedocs/Resume%20Buzz%20Words/computer%20science.pdf
Information Technology (IT),https://web.augsburg.edu/strommen/websitedocs/Resume%20Buzz%20Words/computer%20science.pdf
Installation,https://web.augsburg.edu/strommen/websitedocs/Resume%20Buzz%20Words/computer%20science.pdf
Internet,https://web.augsburg.edu/strommen/websitedocs/Resume%20Buzz%20Words/computer%20science.pdf
Java,https://web.augsburg.edu/strommen/websitedocs/Resume%20Buzz%20Words/computer%20science.pdf
Local Area Network (LAN),https://web.augsburg.edu/strommen/websitedocs/Resume%20Buzz%20Words/computer%20science.pdf
Management Information Systems (MIS),https://web.augsburg.edu/strommen/websitedocs/Resume%20Buzz%20Words/computer%20science.pdf
Microsoft Certified Systems,https://web.augsburg.edu/strommen/websitedocs/Resume%20Buzz%20Words/computer%20science.pdf
Engineer (MCSE),https://web.augsburg.edu/strommen/websitedocs/Resume%20Buzz%20Words/computer%20science.pdf
Modifications,https://web.augsburg.edu/strommen/websitedocs/Resume%20Buzz%20Words/computer%20science.pdf
Network,https://web.augsburg.edu/strommen/websitedocs/Resume%20Buzz%20Words/computer%20science.pdf
Online,https://web.augsburg.edu/strommen/websitedocs/Resume%20Buzz%20Words/computer%20science.pdf
Parallel Algorithms,https://web.augsburg.edu/strommen/websitedocs/Resume%20Buzz%20Words/computer%20science.pdf
Parallel Programming,https://web.augsburg.edu/strommen/websitedocs/Resume%20Buzz%20Words/computer%20science.pdf
Pattern recognition,https://web.augsburg.edu/strommen/websitedocs/Resume%20Buzz%20Words/computer%20science.pdf
PCs,https://web.augsburg.edu/strommen/websitedocs/Resume%20Buzz%20Words/computer%20science.pdf
Performance,https://web.augsburg.edu/strommen/websitedocs/Resume%20Buzz%20Words/computer%20science.pdf
Peripherals,https://web.augsburg.edu/strommen/websitedocs/Resume%20Buzz%20Words/computer%20science.pdf
Printers,https://web.augsburg.edu/strommen/websitedocs/Resume%20Buzz%20Words/computer%20science.pdf
Program Management,https://web.augsburg.edu/strommen/websitedocs/Resume%20Buzz%20Words/computer%20science.pdf
Program Verification,https://web.augsburg.edu/strommen/websitedocs/Resume%20Buzz%20Words/computer%20science.pdf
Project,https://web.augsburg.edu/strommen/websitedocs/Resume%20Buzz%20Words/computer%20science.pdf
Real Time,https://web.augsburg.edu/strommen/websitedocs/Resume%20Buzz%20Words/computer%20science.pdf
Relational Database,https://web.augsburg.edu/strommen/websitedocs/Resume%20Buzz%20Words/computer%20science.pdf
Reports,https://web.augsburg.edu/strommen/websitedocs/Resume%20Buzz%20Words/computer%20science.pdf
Scripts,https://web.augsburg.edu/strommen/websitedocs/Resume%20Buzz%20Words/computer%20science.pdf
Software,https://web.augsburg.edu/strommen/websitedocs/Resume%20Buzz%20Words/computer%20science.pdf
Software Engineering,https://web.augsburg.edu/strommen/websitedocs/Resume%20Buzz%20Words/computer%20science.pdf
SQL,https://web.augsburg.edu/strommen/websitedocs/Resume%20Buzz%20Words/computer%20science.pdf
Structured Design,https://web.augsburg.edu/strommen/websitedocs/Resume%20Buzz%20Words/computer%20science.pdf
System Design,https://web.augsburg.edu/strommen/websitedocs/Resume%20Buzz%20Words/computer%20science.pdf
System Performance,https://web.augsburg.edu/strommen/websitedocs/Resume%20Buzz%20Words/computer%20science.pdf
System Requirements,https://web.augsburg.edu/strommen/websitedocs/Resume%20Buzz%20Words/computer%20science.pdf
Technology,https://web.augsburg.edu/strommen/websitedocs/Resume%20Buzz%20Words/computer%20science.pdf
Test,https://web.augsburg.edu/strommen/websitedocs/Resume%20Buzz%20Words/computer%20science.pdf
Tools,https://web.augsburg.edu/strommen/websitedocs/Resume%20Buzz%20Words/computer%20science.pdf
Topologies,https://web.augsburg.edu/strommen/websitedocs/Resume%20Buzz%20Words/computer%20science.pdf
Troubleshoot,https://web.augsburg.edu/strommen/websitedocs/Resume%20Buzz%20Words/computer%20science.pdf
Wide Area Network (WAN),https://web.augsburg.edu/strommen/websitedocs/Resume%20Buzz%20Words/computer%20science.pdf
Windows,https://web.augsburg.edu/strommen/websitedocs/Resume%20Buzz%20Words/computer%20science.pdf
Tape Drive,https://web.augsburg.edu/strommen/websitedocs/Resume%20Buzz%20Words/computer%20science.pdf
Technical Specifications,https://web.augsburg.edu/strommen/websitedocs/Resume%20Buzz%20Words/computer%20science.pdf
Terminals,https://web.augsburg.edu/strommen/websitedocs/Resume%20Buzz%20Words/computer%20science.pdf
Upgrade,https://web.augsburg.edu/strommen/websitedocs/Resume%20Buzz%20Words/computer%20science.pdf
VSAM,https://web.augsburg.edu/strommen/websitedocs/Resume%20Buzz%20Words/computer%20science.pdf
Workstation,https://web.augsburg.edu/strommen/websitedocs/Resume%20Buzz%20Words/computer%20science.pdf
UNIX,https://web.augsburg.edu/strommen/websitedocs/Resume%20Buzz%20Words/computer%20science.pdf
User Manual,https://web.augsburg.edu/strommen/websitedocs/Resume%20Buzz%20Words/computer%20science.pdf
Quality Assurance,https://www.freeresumebuilder.io/engineering-resume-keywords
Total Quality Management,https://www.freeresumebuilder.io/engineering-resume-keywords
Performance,https://www.freeresumebuilder.io/engineering-resume-keywords
Research & Development,https://www.freeresumebuilder.io/engineering-resume-keywords
Statistical Analysis,https://www.freeresumebuilder.io/engineering-resume-keywords
Analysis,https://www.freeresumebuilder.io/engineering-resume-keywords
Contract Negotiation,https://www.freeresumebuilder.io/engineering-resume-keywords
Process Improvement,https://www.freeresumebuilder.io/engineering-resume-keywords
Business Process Re-engineering,https://www.freeresumebuilder.io/engineering-resume-keywords
Project Estimating,https://www.freeresumebuilder.io/engineering-resume-keywords
Efficiency,https://www.freeresumebuilder.io/engineering-resume-keywords
Budget Management,https://www.freeresumebuilder.io/engineering-resume-keywords
Operations Management,https://www.freeresumebuilder.io/engineering-resume-keywords
Lean Manufacturing,https://www.freeresumebuilder.io/engineering-resume-keywords
Operations,https://www.freeresumebuilder.io/engineering-resume-keywords
Technical Documentation,https://www.freeresumebuilder.io/engineering-resume-keywords
Process Standardization,https://www.freeresumebuilder.io/engineering-resume-keywords
Technical,https://www.freeresumebuilder.io/engineering-resume-keywords
Mathematics,https://www.freeresumebuilder.io/engineering-resume-keywords
Project Management,https://www.freeresumebuilder.io/engineering-resume-keywords
Construction Management,https://www.freeresumebuilder.io/engineering-resume-keywords
AutoCAD,https://www.freeresumebuilder.io/engineering-resume-keywords
Civil engineering,https://www.freeresumebuilder.io/engineering-resume-keywords
Erosion,https://www.freeresumebuilder.io/engineering-resume-keywords
Infrastructure,https://www.freeresumebuilder.io/engineering-resume-keywords
Client,https://www.freeresumebuilder.io/engineering-resume-keywords
Construction,https://www.freeresumebuilder.io/engineering-resume-keywords
Concrete Work,https://www.freeresumebuilder.io/engineering-resume-keywords
Land Development,https://www.freeresumebuilder.io/engineering-resume-keywords
Piping,https://www.freeresumebuilder.io/engineering-resume-keywords
Steel Manufacturing,https://www.freeresumebuilder.io/engineering-resume-keywords
Quality control,https://www.freeresumebuilder.io/engineering-resume-keywords
Drainage,https://www.freeresumebuilder.io/engineering-resume-keywords
Groundwater,https://www.freeresumebuilder.io/engineering-resume-keywords
Team,https://www.freeresumebuilder.io/engineering-resume-keywords
Design,https://www.freeresumebuilder.io/engineering-resume-keywords
Cost Estimating,https://www.freeresumebuilder.io/engineering-resume-keywords
Utilities,https://www.freeresumebuilder.io/engineering-resume-keywords
Stormwater Management,https://www.freeresumebuilder.io/engineering-resume-keywords
Environment,https://www.freeresumebuilder.io/engineering-resume-keywords
Computer-Aided Design,https://www.freeresumebuilder.io/engineering-resume-keywords
Simulation Software,https://www.freeresumebuilder.io/engineering-resume-keywords
Analysis,https://www.freeresumebuilder.io/engineering-resume-keywords
AutoCAD,https://www.freeresumebuilder.io/engineering-resume-keywords
BSME,https://www.freeresumebuilder.io/engineering-resume-keywords
Prototype Design,https://www.freeresumebuilder.io/engineering-resume-keywords
Mechanical Design,https://www.freeresumebuilder.io/engineering-resume-keywords
Drawings,https://www.freeresumebuilder.io/engineering-resume-keywords
MATLAB,https://www.freeresumebuilder.io/engineering-resume-keywords
Solidworks,https://www.freeresumebuilder.io/engineering-resume-keywords
Equipment,https://www.freeresumebuilder.io/engineering-resume-keywords
Assembly Line,https://www.freeresumebuilder.io/engineering-resume-keywords
Electricity,https://www.freeresumebuilder.io/engineering-resume-keywords
Manufacturing,https://www.freeresumebuilder.io/engineering-resume-keywords
HVAC,https://www.freeresumebuilder.io/engineering-resume-keywords
Performance,https://www.freeresumebuilder.io/engineering-resume-keywords
Mechanical Engineering,https://www.freeresumebuilder.io/engineering-resume-keywords
Product,https://www.freeresumebuilder.io/engineering-resume-keywords
Product Design,https://www.freeresumebuilder.io/engineering-resume-keywords
Manufacturing Engineering,https://www.freeresumebuilder.io/engineering-resume-keywords
Assembly Line,https://www.freeresumebuilder.io/engineering-resume-keywords
Continual Improvement Process,https://www.freeresumebuilder.io/engineering-resume-keywords
Industrial Engineering,https://www.freeresumebuilder.io/engineering-resume-keywords
AutoCAD,https://www.freeresumebuilder.io/engineering-resume-keywords
Process Improvement,https://www.freeresumebuilder.io/engineering-resume-keywords
Six Sigma,https://www.freeresumebuilder.io/engineering-resume-keywords
Lean Manufacturing,https://www.freeresumebuilder.io/engineering-resume-keywords
Compliance,https://www.freeresumebuilder.io/engineering-resume-keywords
Statistics,https://www.freeresumebuilder.io/engineering-resume-keywords
Simulation Software,https://www.freeresumebuilder.io/engineering-resume-keywords
Electrical Engineering,https://www.freeresumebuilder.io/engineering-resume-keywords
Motorizing,https://www.freeresumebuilder.io/engineering-resume-keywords
Assembly Line,https://www.freeresumebuilder.io/engineering-resume-keywords
Control Systems,https://www.freeresumebuilder.io/engineering-resume-keywords
Generator,https://www.freeresumebuilder.io/engineering-resume-keywords
MATLAB,https://www.freeresumebuilder.io/engineering-resume-keywords
Electricity,https://www.freeresumebuilder.io/engineering-resume-keywords
Analog,https://www.freeresumebuilder.io/engineering-resume-keywords
Electrical Design,https://www.freeresumebuilder.io/engineering-resume-keywords
Hardware,https://www.freeresumebuilder.io/engineering-resume-keywords
Wiring,https://www.freeresumebuilder.io/engineering-resume-keywords
Schematics,https://www.freeresumebuilder.io/engineering-resume-keywords
AutoCAD,https://www.freeresumebuilder.io/engineering-resume-keywords
Java,https://www.freeresumebuilder.io/engineering-resume-keywords
C#,https://www.freeresumebuilder.io/engineering-resume-keywords
Python,https://www.freeresumebuilder.io/engineering-resume-keywords
HTML/CSS,https://www.freeresumebuilder.io/engineering-resume-keywords
Javascript,https://www.freeresumebuilder.io/engineering-resume-keywords
SQL,https://www.freeresumebuilder.io/engineering-resume-keywords
C++,https://www.freeresumebuilder.io/engineering-resume-keywords
Linux,https://www.freeresumebuilder.io/engineering-resume-keywords
Cloud,https://www.freeresumebuilder.io/engineering-resume-keywords
Git,https://www.freeresumebuilder.io/engineering-resume-keywords
AWS,https://www.freeresumebuilder.io/engineering-resume-keywords
Database,https://www.freeresumebuilder.io/engineering-resume-keywords
Quality Assurance,https://www.freeresumebuilder.io/engineering-resume-keywords
Agile,https://www.freeresumebuilder.io/engineering-resume-keywords
Software Development,https://www.freeresumebuilder.io/engineering-resume-keywords
Computer Science,https://www.freeresumebuilder.io/engineering-resume-keywords
PCB,https://www.freeresumebuilder.io/engineering-resume-keywords
Electricity,https://www.freeresumebuilder.io/engineering-resume-keywords
Wiring,https://www.freeresumebuilder.io/engineering-resume-keywords
Electrical Design,https://www.freeresumebuilder.io/engineering-resume-keywords
Microcontroller,https://www.freeresumebuilder.io/engineering-resume-keywords
Hardware,https://www.freeresumebuilder.io/engineering-resume-keywords
Analog,https://www.freeresumebuilder.io/engineering-resume-keywords
Control Systems,https://www.freeresumebuilder.io/engineering-resume-keywords
Circuit,https://www.freeresumebuilder.io/engineering-resume-keywords
Assembly Line,https://www.freeresumebuilder.io/engineering-resume-keywords
Product Development,https://www.freeresumebuilder.io/engineering-resume-keywords
Electronics,https://www.freeresumebuilder.io/engineering-resume-keywords
3D Modeling,https://calvin.edu/dotAsset/00979e28-71bf-4f44-a30c-f7cedc585167.pdf
Acoustic Modeling,https://calvin.edu/dotAsset/00979e28-71bf-4f44-a30c-f7cedc585167.pdf
Aerodynamics,https://calvin.edu/dotAsset/00979e28-71bf-4f44-a30c-f7cedc585167.pdf
Allocation,https://calvin.edu/dotAsset/00979e28-71bf-4f44-a30c-f7cedc585167.pdf
Analog Electronics,https://calvin.edu/dotAsset/00979e28-71bf-4f44-a30c-f7cedc585167.pdf
Architecture Enhancements,https://calvin.edu/dotAsset/00979e28-71bf-4f44-a30c-f7cedc585167.pdf
Assembly Design,https://calvin.edu/dotAsset/00979e28-71bf-4f44-a30c-f7cedc585167.pdf
Assembly Modification,https://calvin.edu/dotAsset/00979e28-71bf-4f44-a30c-f7cedc585167.pdf
Bid and Cost Plus Work,https://calvin.edu/dotAsset/00979e28-71bf-4f44-a30c-f7cedc585167.pdf
Bid Sheets,https://calvin.edu/dotAsset/00979e28-71bf-4f44-a30c-f7cedc585167.pdf
Bidder Lists,https://calvin.edu/dotAsset/00979e28-71bf-4f44-a30c-f7cedc585167.pdf
Board of Safety Standards,https://calvin.edu/dotAsset/00979e28-71bf-4f44-a30c-f7cedc585167.pdf
Buildings,https://calvin.edu/dotAsset/00979e28-71bf-4f44-a30c-f7cedc585167.pdf
C Programming,https://calvin.edu/dotAsset/00979e28-71bf-4f44-a30c-f7cedc585167.pdf
C4 Navigation and intelligence,https://calvin.edu/dotAsset/00979e28-71bf-4f44-a30c-f7cedc585167.pdf
Cable Products,https://calvin.edu/dotAsset/00979e28-71bf-4f44-a30c-f7cedc585167.pdf
Capital Equipment,https://calvin.edu/dotAsset/00979e28-71bf-4f44-a30c-f7cedc585167.pdf
Ceramic Capacitors,https://calvin.edu/dotAsset/00979e28-71bf-4f44-a30c-f7cedc585167.pdf
Chemical Engineering,https://calvin.edu/dotAsset/00979e28-71bf-4f44-a30c-f7cedc585167.pdf
Chemistry,https://calvin.edu/dotAsset/00979e28-71bf-4f44-a30c-f7cedc585167.pdf
Circuitry,https://calvin.edu/dotAsset/00979e28-71bf-4f44-a30c-f7cedc585167.pdf
Civil Engineering,https://calvin.edu/dotAsset/00979e28-71bf-4f44-a30c-f7cedc585167.pdf
Commercial Projects,https://calvin.edu/dotAsset/00979e28-71bf-4f44-a30c-f7cedc585167.pdf
Competitive Analysis,https://calvin.edu/dotAsset/00979e28-71bf-4f44-a30c-f7cedc585167.pdf
Complex Electromechanical Systems,https://calvin.edu/dotAsset/00979e28-71bf-4f44-a30c-f7cedc585167.pdf
Component Evaluation,https://calvin.edu/dotAsset/00979e28-71bf-4f44-a30c-f7cedc585167.pdf
Components and Assemblies,https://calvin.edu/dotAsset/00979e28-71bf-4f44-a30c-f7cedc585167.pdf
Compression tests,https://calvin.edu/dotAsset/00979e28-71bf-4f44-a30c-f7cedc585167.pdf
Computer Product Design,https://calvin.edu/dotAsset/00979e28-71bf-4f44-a30c-f7cedc585167.pdf
Computer Programming,https://calvin.edu/dotAsset/00979e28-71bf-4f44-a30c-f7cedc585167.pdf
Computer Software Packages,https://calvin.edu/dotAsset/00979e28-71bf-4f44-a30c-f7cedc585167.pdf
Computer-based Transducers and,https://calvin.edu/dotAsset/00979e28-71bf-4f44-a30c-f7cedc585167.pdf
Loudspeaker System measurement,https://calvin.edu/dotAsset/00979e28-71bf-4f44-a30c-f7cedc585167.pdf
Conceptualization,https://calvin.edu/dotAsset/00979e28-71bf-4f44-a30c-f7cedc585167.pdf
Conflicts Resolution,https://calvin.edu/dotAsset/00979e28-71bf-4f44-a30c-f7cedc585167.pdf
Consistency and Compatibility,https://calvin.edu/dotAsset/00979e28-71bf-4f44-a30c-f7cedc585167.pdf
Construction Coordination,https://calvin.edu/dotAsset/00979e28-71bf-4f44-a30c-f7cedc585167.pdf
Construction Estimates,https://calvin.edu/dotAsset/00979e28-71bf-4f44-a30c-f7cedc585167.pdf
Construction Industries,https://calvin.edu/dotAsset/00979e28-71bf-4f44-a30c-f7cedc585167.pdf
Contract Engineering,https://calvin.edu/dotAsset/00979e28-71bf-4f44-a30c-f7cedc585167.pdf
Cost Reduction,https://calvin.edu/dotAsset/00979e28-71bf-4f44-a30c-f7cedc585167.pdf
Creep Tests,https://calvin.edu/dotAsset/00979e28-71bf-4f44-a30c-f7cedc585167.pdf
Customized Security,https://calvin.edu/dotAsset/00979e28-71bf-4f44-a30c-f7cedc585167.pdf
Data Collection and Analysis,https://calvin.edu/dotAsset/00979e28-71bf-4f44-a30c-f7cedc585167.pdf
Data Performance Characteristics,https://calvin.edu/dotAsset/00979e28-71bf-4f44-a30c-f7cedc585167.pdf
Design and Construction of RF,https://calvin.edu/dotAsset/00979e28-71bf-4f44-a30c-f7cedc585167.pdf
Equipment,https://calvin.edu/dotAsset/00979e28-71bf-4f44-a30c-f7cedc585167.pdf
Design Methodologies,https://calvin.edu/dotAsset/00979e28-71bf-4f44-a30c-f7cedc585167.pdf
Design Verification Testing,https://calvin.edu/dotAsset/00979e28-71bf-4f44-a30c-f7cedc585167.pdf
Detailed Models,https://calvin.edu/dotAsset/00979e28-71bf-4f44-a30c-f7cedc585167.pdf
Development Environment,https://calvin.edu/dotAsset/00979e28-71bf-4f44-a30c-f7cedc585167.pdf
Digital Electronics,https://calvin.edu/dotAsset/00979e28-71bf-4f44-a30c-f7cedc585167.pdf
Documentation,https://calvin.edu/dotAsset/00979e28-71bf-4f44-a30c-f7cedc585167.pdf
Dynamic Systems,https://calvin.edu/dotAsset/00979e28-71bf-4f44-a30c-f7cedc585167.pdf
Economical Solution,https://calvin.edu/dotAsset/00979e28-71bf-4f44-a30c-f7cedc585167.pdf
Efficiency Control,https://calvin.edu/dotAsset/00979e28-71bf-4f44-a30c-f7cedc585167.pdf
Electrical Analysis,https://calvin.edu/dotAsset/00979e28-71bf-4f44-a30c-f7cedc585167.pdf
Electrical Design,https://calvin.edu/dotAsset/00979e28-71bf-4f44-a30c-f7cedc585167.pdf
Electrical Engineering,https://calvin.edu/dotAsset/00979e28-71bf-4f44-a30c-f7cedc585167.pdf
Electronic Design,https://calvin.edu/dotAsset/00979e28-71bf-4f44-a30c-f7cedc585167.pdf
Electronic Equipment,https://calvin.edu/dotAsset/00979e28-71bf-4f44-a30c-f7cedc585167.pdf
Electrostatic Discharge,https://calvin.edu/dotAsset/00979e28-71bf-4f44-a30c-f7cedc585167.pdf
Emissions Testing,https://calvin.edu/dotAsset/00979e28-71bf-4f44-a30c-f7cedc585167.pdf
Engineering Estimates,https://calvin.edu/dotAsset/00979e28-71bf-4f44-a30c-f7cedc585167.pdf
Engineering Field Supervision,https://calvin.edu/dotAsset/00979e28-71bf-4f44-a30c-f7cedc585167.pdf
Engineering Management,https://calvin.edu/dotAsset/00979e28-71bf-4f44-a30c-f7cedc585167.pdf
Environmental Engineering,https://calvin.edu/dotAsset/00979e28-71bf-4f44-a30c-f7cedc585167.pdf
Environmental Problems,https://calvin.edu/dotAsset/00979e28-71bf-4f44-a30c-f7cedc585167.pdf
Environmental Regulations,https://calvin.edu/dotAsset/00979e28-71bf-4f44-a30c-f7cedc585167.pdf
Environmental Testing,https://calvin.edu/dotAsset/00979e28-71bf-4f44-a30c-f7cedc585167.pdf
Equipment Maintenance,https://calvin.edu/dotAsset/00979e28-71bf-4f44-a30c-f7cedc585167.pdf
Exploration of Mines,https://calvin.edu/dotAsset/00979e28-71bf-4f44-a30c-f7cedc585167.pdf
Fabrication Methodologies,https://calvin.edu/dotAsset/00979e28-71bf-4f44-a30c-f7cedc585167.pdf
Facilities,https://calvin.edu/dotAsset/00979e28-71bf-4f44-a30c-f7cedc585167.pdf
Facilities Engineering,https://calvin.edu/dotAsset/00979e28-71bf-4f44-a30c-f7cedc585167.pdf
Facilities Inspections,https://calvin.edu/dotAsset/00979e28-71bf-4f44-a30c-f7cedc585167.pdf
Flow Patterns,https://calvin.edu/dotAsset/00979e28-71bf-4f44-a30c-f7cedc585167.pdf
Fluid Compression,https://calvin.edu/dotAsset/00979e28-71bf-4f44-a30c-f7cedc585167.pdf
Fluid Mechanics,https://calvin.edu/dotAsset/00979e28-71bf-4f44-a30c-f7cedc585167.pdf
Fluid Systems,https://calvin.edu/dotAsset/00979e28-71bf-4f44-a30c-f7cedc585167.pdf
Functional Flows,https://calvin.edu/dotAsset/00979e28-71bf-4f44-a30c-f7cedc585167.pdf
Functionality,https://calvin.edu/dotAsset/00979e28-71bf-4f44-a30c-f7cedc585167.pdf
Geological Formation,https://calvin.edu/dotAsset/00979e28-71bf-4f44-a30c-f7cedc585167.pdf
Global Marketing,https://calvin.edu/dotAsset/00979e28-71bf-4f44-a30c-f7cedc585167.pdf
Government Markets,https://calvin.edu/dotAsset/00979e28-71bf-4f44-a30c-f7cedc585167.pdf
Hardware Evaluation,https://calvin.edu/dotAsset/00979e28-71bf-4f44-a30c-f7cedc585167.pdf
High-Density Surface Mount,https://calvin.edu/dotAsset/00979e28-71bf-4f44-a30c-f7cedc585167.pdf
Printed Circuit/Wiring Board,https://calvin.edu/dotAsset/00979e28-71bf-4f44-a30c-f7cedc585167.pdf
High-Speed Applications,https://calvin.edu/dotAsset/00979e28-71bf-4f44-a30c-f7cedc585167.pdf
High Temperature Environments,https://calvin.edu/dotAsset/00979e28-71bf-4f44-a30c-f7cedc585167.pdf
Highways,https://calvin.edu/dotAsset/00979e28-71bf-4f44-a30c-f7cedc585167.pdf
Hydraulic Systems,https://calvin.edu/dotAsset/00979e28-71bf-4f44-a30c-f7cedc585167.pdf
Hydrologic Surveys,https://calvin.edu/dotAsset/00979e28-71bf-4f44-a30c-f7cedc585167.pdf
Industrial Engineering,https://calvin.edu/dotAsset/00979e28-71bf-4f44-a30c-f7cedc585167.pdf
Industrial Projects,https://calvin.edu/dotAsset/00979e28-71bf-4f44-a30c-f7cedc585167.pdf
Information-Based Systems,https://calvin.edu/dotAsset/00979e28-71bf-4f44-a30c-f7cedc585167.pdf
Injection Molding Design,https://calvin.edu/dotAsset/00979e28-71bf-4f44-a30c-f7cedc585167.pdf
Inorganic Chemistry,https://calvin.edu/dotAsset/00979e28-71bf-4f44-a30c-f7cedc585167.pdf
Integrated Solutions and Services,https://calvin.edu/dotAsset/00979e28-71bf-4f44-a30c-f7cedc585167.pdf
Integrated Systems,https://calvin.edu/dotAsset/00979e28-71bf-4f44-a30c-f7cedc585167.pdf
Interdisciplinary Requirements,https://calvin.edu/dotAsset/00979e28-71bf-4f44-a30c-f7cedc585167.pdf
Internal Controls,https://calvin.edu/dotAsset/00979e28-71bf-4f44-a30c-f7cedc585167.pdf
Justification Studies,https://calvin.edu/dotAsset/00979e28-71bf-4f44-a30c-f7cedc585167.pdf
Land Surveying Services,https://calvin.edu/dotAsset/00979e28-71bf-4f44-a30c-f7cedc585167.pdf
Line Balancing,https://calvin.edu/dotAsset/00979e28-71bf-4f44-a30c-f7cedc585167.pdf
Load Monitors,https://calvin.edu/dotAsset/00979e28-71bf-4f44-a30c-f7cedc585167.pdf
Logical Performance Characteristics,https://calvin.edu/dotAsset/00979e28-71bf-4f44-a30c-f7cedc585167.pdf
Logistics,https://calvin.edu/dotAsset/00979e28-71bf-4f44-a30c-f7cedc585167.pdf
Machinery,https://calvin.edu/dotAsset/00979e28-71bf-4f44-a30c-f7cedc585167.pdf
Machinery Maintenance,https://calvin.edu/dotAsset/00979e28-71bf-4f44-a30c-f7cedc585167.pdf
Maintenance Documentation,https://calvin.edu/dotAsset/00979e28-71bf-4f44-a30c-f7cedc585167.pdf
Management Process,https://calvin.edu/dotAsset/00979e28-71bf-4f44-a30c-f7cedc585167.pdf
Manufacturing,https://calvin.edu/dotAsset/00979e28-71bf-4f44-a30c-f7cedc585167.pdf
Manufacturing Problem Resolution,https://calvin.edu/dotAsset/00979e28-71bf-4f44-a30c-f7cedc585167.pdf
Manufacturing Process,https://calvin.edu/dotAsset/00979e28-71bf-4f44-a30c-f7cedc585167.pdf
Marine Engineering,https://calvin.edu/dotAsset/00979e28-71bf-4f44-a30c-f7cedc585167.pdf
Master Specifications,https://calvin.edu/dotAsset/00979e28-71bf-4f44-a30c-f7cedc585167.pdf
Mathematical Models,https://calvin.edu/dotAsset/00979e28-71bf-4f44-a30c-f7cedc585167.pdf
Mathematics,https://calvin.edu/dotAsset/00979e28-71bf-4f44-a30c-f7cedc585167.pdf
Mechanical and Control Systems,https://calvin.edu/dotAsset/00979e28-71bf-4f44-a30c-f7cedc585167.pdf
Mechanical Design,https://calvin.edu/dotAsset/00979e28-71bf-4f44-a30c-f7cedc585167.pdf
Mechanical Design Integrity,https://calvin.edu/dotAsset/00979e28-71bf-4f44-a30c-f7cedc585167.pdf
Mechanical Engineering,https://calvin.edu/dotAsset/00979e28-71bf-4f44-a30c-f7cedc585167.pdf
Mechanism Design,https://calvin.edu/dotAsset/00979e28-71bf-4f44-a30c-f7cedc585167.pdf
Microscopic Analysis,https://calvin.edu/dotAsset/00979e28-71bf-4f44-a30c-f7cedc585167.pdf
Mission-Critical Programs,https://calvin.edu/dotAsset/00979e28-71bf-4f44-a30c-f7cedc585167.pdf
Motion Control,https://calvin.edu/dotAsset/00979e28-71bf-4f44-a30c-f7cedc585167.pdf
Mounting,https://calvin.edu/dotAsset/00979e28-71bf-4f44-a30c-f7cedc585167.pdf
Networked Systems,https://calvin.edu/dotAsset/00979e28-71bf-4f44-a30c-f7cedc585167.pdf
Networking Functionality,https://calvin.edu/dotAsset/00979e28-71bf-4f44-a30c-f7cedc585167.pdf
New Product Development Environment,https://calvin.edu/dotAsset/00979e28-71bf-4f44-a30c-f7cedc585167.pdf
OEm,https://calvin.edu/dotAsset/00979e28-71bf-4f44-a30c-f7cedc585167.pdf
Operations Manual,https://calvin.edu/dotAsset/00979e28-71bf-4f44-a30c-f7cedc585167.pdf
Part Tolerance,https://calvin.edu/dotAsset/00979e28-71bf-4f44-a30c-f7cedc585167.pdf
Parts Modeling,https://calvin.edu/dotAsset/00979e28-71bf-4f44-a30c-f7cedc585167.pdf
Performance Characteristics,https://calvin.edu/dotAsset/00979e28-71bf-4f44-a30c-f7cedc585167.pdf
Petroleum Accumulation,https://calvin.edu/dotAsset/00979e28-71bf-4f44-a30c-f7cedc585167.pdf
Petroleum Generation,https://calvin.edu/dotAsset/00979e28-71bf-4f44-a30c-f7cedc585167.pdf
Petroleum Migration,https://calvin.edu/dotAsset/00979e28-71bf-4f44-a30c-f7cedc585167.pdf
Phase Separation,https://calvin.edu/dotAsset/00979e28-71bf-4f44-a30c-f7cedc585167.pdf
Physical Performance Characteristics,https://calvin.edu/dotAsset/00979e28-71bf-4f44-a30c-f7cedc585167.pdf
Planning Polishing,https://calvin.edu/dotAsset/00979e28-71bf-4f44-a30c-f7cedc585167.pdf
Powder and Bulk Solids Handling,https://calvin.edu/dotAsset/00979e28-71bf-4f44-a30c-f7cedc585167.pdf
Power Supply Test,https://calvin.edu/dotAsset/00979e28-71bf-4f44-a30c-f7cedc585167.pdf
Preproduction Engineering Prototypes,https://calvin.edu/dotAsset/00979e28-71bf-4f44-a30c-f7cedc585167.pdf
Preventative Maintenance Programs,https://calvin.edu/dotAsset/00979e28-71bf-4f44-a30c-f7cedc585167.pdf
Principles,https://calvin.edu/dotAsset/00979e28-71bf-4f44-a30c-f7cedc585167.pdf
Problem-Solving Skills,https://calvin.edu/dotAsset/00979e28-71bf-4f44-a30c-f7cedc585167.pdf
Procedures,https://calvin.edu/dotAsset/00979e28-71bf-4f44-a30c-f7cedc585167.pdf
Process and Procedure Development,https://calvin.edu/dotAsset/00979e28-71bf-4f44-a30c-f7cedc585167.pdf
Process and Projects Documentation,https://calvin.edu/dotAsset/00979e28-71bf-4f44-a30c-f7cedc585167.pdf
Process Control,https://calvin.edu/dotAsset/00979e28-71bf-4f44-a30c-f7cedc585167.pdf
Process Development,https://calvin.edu/dotAsset/00979e28-71bf-4f44-a30c-f7cedc585167.pdf
Process Improvements,https://calvin.edu/dotAsset/00979e28-71bf-4f44-a30c-f7cedc585167.pdf
Process Methods,https://calvin.edu/dotAsset/00979e28-71bf-4f44-a30c-f7cedc585167.pdf
Process Sheets,https://calvin.edu/dotAsset/00979e28-71bf-4f44-a30c-f7cedc585167.pdf
Product Development,https://calvin.edu/dotAsset/00979e28-71bf-4f44-a30c-f7cedc585167.pdf
Productivity,https://calvin.edu/dotAsset/00979e28-71bf-4f44-a30c-f7cedc585167.pdf
Professional Consulting,https://calvin.edu/dotAsset/00979e28-71bf-4f44-a30c-f7cedc585167.pdf
Programmable Logic,https://calvin.edu/dotAsset/00979e28-71bf-4f44-a30c-f7cedc585167.pdf
Project Cost,https://calvin.edu/dotAsset/00979e28-71bf-4f44-a30c-f7cedc585167.pdf
Project Engineering,https://calvin.edu/dotAsset/00979e28-71bf-4f44-a30c-f7cedc585167.pdf
Project Management,https://calvin.edu/dotAsset/00979e28-71bf-4f44-a30c-f7cedc585167.pdf
Project Specification,https://calvin.edu/dotAsset/00979e28-71bf-4f44-a30c-f7cedc585167.pdf
Project Start-Up,https://calvin.edu/dotAsset/00979e28-71bf-4f44-a30c-f7cedc585167.pdf
Prototypes,https://calvin.edu/dotAsset/00979e28-71bf-4f44-a30c-f7cedc585167.pdf
pWB Fabrication,https://calvin.edu/dotAsset/00979e28-71bf-4f44-a30c-f7cedc585167.pdf
Qualitative Analysis,https://calvin.edu/dotAsset/00979e28-71bf-4f44-a30c-f7cedc585167.pdf
Quality Assurance,https://calvin.edu/dotAsset/00979e28-71bf-4f44-a30c-f7cedc585167.pdf
Quality Assurance Tests,https://calvin.edu/dotAsset/00979e28-71bf-4f44-a30c-f7cedc585167.pdf
Quality Control,https://calvin.edu/dotAsset/00979e28-71bf-4f44-a30c-f7cedc585167.pdf
Quantitative Analysis,https://calvin.edu/dotAsset/00979e28-71bf-4f44-a30c-f7cedc585167.pdf
Radiation Monitoring Equipment,https://calvin.edu/dotAsset/00979e28-71bf-4f44-a30c-f7cedc585167.pdf
Radiological Controls,https://calvin.edu/dotAsset/00979e28-71bf-4f44-a30c-f7cedc585167.pdf
Reactor Design,https://calvin.edu/dotAsset/00979e28-71bf-4f44-a30c-f7cedc585167.pdf
Reactor Maintenance,https://calvin.edu/dotAsset/00979e28-71bf-4f44-a30c-f7cedc585167.pdf
Reconnaissance,https://calvin.edu/dotAsset/00979e28-71bf-4f44-a30c-f7cedc585167.pdf
Regulatory Compliance,https://calvin.edu/dotAsset/00979e28-71bf-4f44-a30c-f7cedc585167.pdf
Regulatory Requirements,https://calvin.edu/dotAsset/00979e28-71bf-4f44-a30c-f7cedc585167.pdf
Reliability,https://calvin.edu/dotAsset/00979e28-71bf-4f44-a30c-f7cedc585167.pdf
Reliability and Quality Assurance,https://calvin.edu/dotAsset/00979e28-71bf-4f44-a30c-f7cedc585167.pdf
Reliability Life Testing,https://calvin.edu/dotAsset/00979e28-71bf-4f44-a30c-f7cedc585167.pdf
Research and Development,https://calvin.edu/dotAsset/00979e28-71bf-4f44-a30c-f7cedc585167.pdf
Safety Regulations,https://calvin.edu/dotAsset/00979e28-71bf-4f44-a30c-f7cedc585167.pdf
Scheduling,https://calvin.edu/dotAsset/00979e28-71bf-4f44-a30c-f7cedc585167.pdf
Science,https://calvin.edu/dotAsset/00979e28-71bf-4f44-a30c-f7cedc585167.pdf
Scientific Discovery,https://calvin.edu/dotAsset/00979e28-71bf-4f44-a30c-f7cedc585167.pdf
Sheet Metal Design,https://calvin.edu/dotAsset/00979e28-71bf-4f44-a30c-f7cedc585167.pdf
Space Platforms,https://calvin.edu/dotAsset/00979e28-71bf-4f44-a30c-f7cedc585167.pdf
Space Systems and Electronics,https://calvin.edu/dotAsset/00979e28-71bf-4f44-a30c-f7cedc585167.pdf
Specifications,https://calvin.edu/dotAsset/00979e28-71bf-4f44-a30c-f7cedc585167.pdf
Statistical Analysis,https://calvin.edu/dotAsset/00979e28-71bf-4f44-a30c-f7cedc585167.pdf
Statistical Process Controls,https://calvin.edu/dotAsset/00979e28-71bf-4f44-a30c-f7cedc585167.pdf
Stress Analysis,https://calvin.edu/dotAsset/00979e28-71bf-4f44-a30c-f7cedc585167.pdf
Structural Design,https://calvin.edu/dotAsset/00979e28-71bf-4f44-a30c-f7cedc585167.pdf
Subsystems,https://calvin.edu/dotAsset/00979e28-71bf-4f44-a30c-f7cedc585167.pdf
Surveillance,https://calvin.edu/dotAsset/00979e28-71bf-4f44-a30c-f7cedc585167.pdf
Susceptibility Testing,https://calvin.edu/dotAsset/00979e28-71bf-4f44-a30c-f7cedc585167.pdf
System Analysis,https://calvin.edu/dotAsset/00979e28-71bf-4f44-a30c-f7cedc585167.pdf
System Baselines,https://calvin.edu/dotAsset/00979e28-71bf-4f44-a30c-f7cedc585167.pdf
System Characterization and Test,https://calvin.edu/dotAsset/00979e28-71bf-4f44-a30c-f7cedc585167.pdf
System Dynamics,https://calvin.edu/dotAsset/00979e28-71bf-4f44-a30c-f7cedc585167.pdf
System Maintenance,https://calvin.edu/dotAsset/00979e28-71bf-4f44-a30c-f7cedc585167.pdf
Technical Files,https://calvin.edu/dotAsset/00979e28-71bf-4f44-a30c-f7cedc585167.pdf
Technical Guidelines,https://calvin.edu/dotAsset/00979e28-71bf-4f44-a30c-f7cedc585167.pdf
Technical Guides,https://calvin.edu/dotAsset/00979e28-71bf-4f44-a30c-f7cedc585167.pdf
Technical Support,https://calvin.edu/dotAsset/00979e28-71bf-4f44-a30c-f7cedc585167.pdf
Technical Writing,https://calvin.edu/dotAsset/00979e28-71bf-4f44-a30c-f7cedc585167.pdf
Tensile Tests,https://calvin.edu/dotAsset/00979e28-71bf-4f44-a30c-f7cedc585167.pdf
Test Planning and Field Operations,https://calvin.edu/dotAsset/00979e28-71bf-4f44-a30c-f7cedc585167.pdf
Test Plans,https://calvin.edu/dotAsset/00979e28-71bf-4f44-a30c-f7cedc585167.pdf
Test Processes,https://calvin.edu/dotAsset/00979e28-71bf-4f44-a30c-f7cedc585167.pdf
Test specimens,https://calvin.edu/dotAsset/00979e28-71bf-4f44-a30c-f7cedc585167.pdf
Testability and Verifiability of,https://calvin.edu/dotAsset/00979e28-71bf-4f44-a30c-f7cedc585167.pdf
Requirements,https://calvin.edu/dotAsset/00979e28-71bf-4f44-a30c-f7cedc585167.pdf
Testing Policies,https://calvin.edu/dotAsset/00979e28-71bf-4f44-a30c-f7cedc585167.pdf
Testing Standards,https://calvin.edu/dotAsset/00979e28-71bf-4f44-a30c-f7cedc585167.pdf
Theories,https://calvin.edu/dotAsset/00979e28-71bf-4f44-a30c-f7cedc585167.pdf
Thermodynamics,https://calvin.edu/dotAsset/00979e28-71bf-4f44-a30c-f7cedc585167.pdf
Thermoforming Design,https://calvin.edu/dotAsset/00979e28-71bf-4f44-a30c-f7cedc585167.pdf
Timing Violations,https://calvin.edu/dotAsset/00979e28-71bf-4f44-a30c-f7cedc585167.pdf
Tooling,https://calvin.edu/dotAsset/00979e28-71bf-4f44-a30c-f7cedc585167.pdf
Top-Level System Architecture,https://calvin.edu/dotAsset/00979e28-71bf-4f44-a30c-f7cedc585167.pdf
Vendor and Partner Technology,https://calvin.edu/dotAsset/00979e28-71bf-4f44-a30c-f7cedc585167.pdf
Relationships,https://calvin.edu/dotAsset/00979e28-71bf-4f44-a30c-f7cedc585167.pdf
Weight Distribution Properties,https://calvin.edu/dotAsset/00979e28-71bf-4f44-a30c-f7cedc585167.pdf
Worst –Case Scenarios,https://calvin.edu/dotAsset/00979e28-71bf-4f44-a30c-f7cedc585167.pdf
Written Specifications,https://calvin.edu/dotAsset/00979e28-71bf-4f44-a30c-f7cedc585167.pdf
